49,1,General,2016-10-04 12:49:59,2016-10-04 12:52:33
50,1,Wildfire,2016-10-04 12:52:44,2017-03-03 09:52:13
60,159,Earthquake,2016-11-15 16:47:25,2017-07-27 19:36:07
61,159,Flood,2016-11-16 14:05:03,2016-12-01 20:38:12
62,159,Hurricane,2016-11-17 15:14:40,2016-12-01 20:40:52
63,159,Wildfire,2016-11-17 15:27:12,2016-12-01 22:55:07
83,157,Tsunami,2016-11-24 11:04:43,2016-11-24 11:04:43
84,159,Other,2016-11-29 14:48:43,2016-11-29 14:52:38
87,159,Storm,2016-11-29 15:05:12,2016-11-29 15:06:41
88,159,Wind,2016-11-29 15:52:21,2017-01-23 15:54:30
90,159,Volcano,2016-11-29 16:15:13,2017-01-03 17:49:46
91,88,Hurricane,2016-12-01 20:43:21,2017-03-28 03:36:33
94,159,Drought,2017-01-03 14:33:16,2017-12-07 11:09:41
95,159,Typhoon,2017-01-03 15:29:16,2017-01-24 16:36:19
96,159,Tropical Cyclone,2017-01-03 15:34:48,2017-01-24 16:46:53
97,159,Heatwave,2017-01-03 15:51:02,2017-01-03 15:51:19
98,159,Extreme Cold,2017-01-03 17:06:44,2017-01-24 16:32:21
99,159,Landslide,2017-01-03 17:25:12,2017-01-03 17:25:27
100,159,Tsunami,2017-01-03 17:55:52,2017-01-06 14:22:46
107,88,Earthquake,2017-01-24 15:59:56,2017-07-13 15:07:32
108,88,Flood,2017-01-24 16:06:29,2017-03-28 03:32:03
109,88,Wildfire,2017-01-24 16:10:47,2017-03-28 03:52:07
110,88,Volcano,2017-01-24 16:17:52,2017-03-28 04:18:36
111,88,Drought,2017-01-24 16:23:54,2017-03-28 03:17:08
112,88,Extreme Cold,2017-01-24 16:31:58,2017-03-28 04:10:53
113,88,Typhoon,2017-01-24 16:36:06,2017-03-28 03:41:29
114,88,Tropical Cyclone,2017-01-24 16:41:23,2017-03-28 03:46:14
115,88,Extreme Heat,2017-01-24 17:16:54,2017-03-28 04:04:53
117,88,Tsunami,2017-01-24 17:24:48,2017-03-28 04:22:38
118,88,Hailstorm,2017-01-24 17:31:16,2017-03-28 04:01:30
119,88,Landslide,2017-01-24 17:35:33,2017-03-28 04:14:39
120,88,Chemical Hazard,2017-01-24 17:37:22,2017-03-28 04:27:56
121,88,Nuclear,2017-01-24 17:38:05,2017-03-28 04:47:39
122,88,Radiological Hazard,2017-01-24 17:39:57,2017-03-28 04:42:34
123,88,Pandemic,2017-01-24 17:40:29,2017-03-28 04:32:59
128,20,Drought,2017-02-13 12:47:19,2017-02-13 12:47:19
129,20,Earthquake,2017-02-13 13:04:00,2017-02-13 13:04:00
130,20,Flood,2017-02-13 13:15:43,2017-02-13 13:15:43
131,47,Drought,2017-02-15 15:14:38,2017-03-12 02:26:25
132,33,Drought,2017-02-15 15:46:46,2017-02-28 20:46:18
133,20,Hurricane,2017-02-16 15:15:58,2017-02-16 15:15:58
135,20,Typhoon,2017-02-16 15:18:53,2017-02-16 15:18:53
136,20,Tropical Cyclone,2017-02-16 15:21:30,2017-02-16 15:21:30
137,20,Wildfire,2017-02-16 15:23:40,2017-02-16 15:23:40
138,20,Hailstorm,2017-02-16 15:34:48,2017-02-16 15:34:48
139,20,Extreme Heat,2017-02-16 15:38:02,2017-02-16 15:38:02
140,20,Extreme Cold,2017-02-16 15:41:18,2017-02-16 15:41:43
141,20,Landslide,2017-02-16 15:44:16,2017-02-16 15:44:16
142,20,Winter Storm,2017-02-16 15:47:08,2017-02-16 15:47:08
143,20,Volcano,2017-02-16 15:50:05,2017-02-16 15:50:05
144,20,Tsunami,2017-02-16 15:54:04,2017-02-16 15:54:04
145,10,Drought,2017-02-16 19:11:26,2017-02-16 19:11:26
146,10,Earthquake,2017-02-16 19:23:35,2017-02-16 19:23:35
147,10,Flood,2017-02-16 19:29:59,2017-02-16 19:29:59
148,151,Drought,2017-02-16 21:24:13,2017-02-24 17:59:26
149,88,Biological Hazard,2017-02-16 21:50:12,2017-05-30 15:50:30
150,88,Winter Storm,2017-02-16 21:51:05,2017-02-16 21:51:05
151,29,Drought,2017-02-16 21:57:44,2017-02-17 20:08:24
152,29,Earthquake,2017-02-16 21:58:33,2017-02-17 20:15:05
154,29,Flood,2017-02-16 22:00:11,2017-02-17 21:37:03
155,29,Hurricane,2017-02-16 22:00:49,2017-02-17 21:54:37
156,29,Typhoon,2017-02-16 22:01:42,2017-02-16 22:01:42
157,29,Tropical Cyclone,2017-02-16 22:02:21,2017-02-16 22:02:21
158,29,Wildfire,2017-02-16 22:03:12,2017-02-16 22:03:12
159,29,Hailstorm,2017-02-16 22:03:52,2017-02-17 21:40:49
160,29,Extreme Heat,2017-02-16 22:04:38,2017-02-17 20:31:38
161,29,Extreme Cold,2017-02-16 22:05:19,2017-02-17 20:26:03
162,29,Winter Storm,2017-02-16 22:06:02,2017-02-16 22:06:02
163,29,Landslide,2017-02-16 22:06:45,2017-02-17 22:02:05
164,29,Tsunami,2017-02-16 22:07:42,2017-02-16 22:07:42
165,29,Volcano,2017-02-16 22:08:26,2017-02-16 22:08:26
166,29,Chemical Hazard,2017-02-16 22:09:19,2017-02-17 20:01:19
167,29,Nuclear,2017-02-16 22:10:00,2017-02-17 22:06:39
168,29,Radiological Hazard,2017-02-16 22:10:43,2017-02-17 22:25:09
169,29,Biological Hazard,2017-02-16 22:11:26,2017-02-17 19:46:07
170,29,Pandemic,2017-02-16 22:12:04,2017-02-17 22:18:45
171,10,Hurricane,2017-02-16 23:13:26,2017-02-16 23:13:26
172,10,Typhoon,2017-02-16 23:18:41,2017-02-16 23:31:28
173,10,Tropical Cyclone,2017-02-16 23:22:25,2017-02-16 23:30:48
174,10,Wildfire,2017-02-16 23:26:31,2017-02-16 23:31:08
175,10,Hailstorm,2017-02-16 23:29:23,2017-02-16 23:29:23
176,10,Extreme Heat,2017-02-16 23:35:56,2017-02-16 23:35:56
177,10,Extreme Cold,2017-02-16 23:39:51,2017-02-16 23:39:51
178,10,Winter Storm,2017-02-16 23:43:39,2017-02-16 23:43:39
179,10,Landslide,2017-02-16 23:46:47,2017-02-16 23:46:47
180,10,Volcano,2017-02-16 23:51:50,2017-02-16 23:51:50
181,10,Tsunami,2017-02-16 23:55:36,2017-02-16 23:55:36
182,10,Chemical Hazard,2017-02-16 23:59:46,2017-02-16 23:59:46
183,10,Nuclear,2017-02-17 00:03:34,2017-02-17 00:03:34
184,10,Radiological Hazard,2017-02-17 00:07:11,2017-02-17 00:07:11
185,10,Biological Hazard,2017-02-17 00:10:21,2017-02-17 00:10:21
186,10,Pandemic,2017-02-17 00:14:15,2017-02-17 00:14:15
187,61,Drought,2017-02-17 00:17:13,2017-02-17 00:17:13
188,61,Earthquake,2017-02-17 00:21:15,2017-02-17 00:21:15
189,61,Flood,2017-02-17 00:25:02,2017-02-17 00:25:02
190,61,Hurricane,2017-02-17 00:28:53,2017-02-17 00:28:53
191,61,Typhoon,2017-02-17 00:32:18,2017-02-17 00:32:18
192,61,Tropical Cyclone,2017-02-17 00:35:36,2017-02-17 00:35:36
193,61,Wildfire,2017-02-17 00:38:49,2017-02-17 00:38:49
194,61,Hailstorm,2017-02-17 00:41:11,2017-02-17 00:41:11
195,61,Extreme Heat,2017-02-17 00:44:31,2017-02-17 00:44:31
196,61,Extreme Cold,2017-02-17 00:48:09,2017-02-17 00:48:09
197,61,Winter Storm,2017-02-17 00:51:35,2017-02-17 00:51:35
198,61,Landslide,2017-02-17 00:54:24,2017-02-17 00:54:24
199,61,Volcano,2017-02-17 00:57:23,2017-02-17 00:57:23
200,61,Tsunami,2017-02-17 01:00:06,2017-02-17 01:00:06
201,61,Chemical Hazard,2017-02-17 01:03:15,2017-02-17 01:03:15
202,61,Nuclear,2017-02-17 01:06:44,2017-02-17 01:06:44
203,61,Radiological Hazard,2017-02-17 01:09:32,2017-02-17 01:09:32
204,61,Biological Hazard,2017-02-17 01:12:25,2017-02-17 01:12:25
205,61,Pandemic,2017-02-17 01:15:40,2017-02-17 01:15:40
206,96,Drought,2017-02-17 13:39:39,2017-02-17 13:39:39
207,96,Earthquake,2017-02-17 13:44:01,2017-02-17 13:44:01
208,96,Flood,2017-02-17 13:51:49,2017-02-17 13:51:49
209,96,Hurricane,2017-02-17 13:55:06,2017-02-17 13:55:06
210,96,Typhoon,2017-02-17 13:58:30,2017-02-17 13:58:30
211,96,Tropical Cyclone,2017-02-17 14:02:46,2017-02-17 14:02:46
212,96,Wildfire,2017-02-17 14:08:49,2017-02-17 14:08:49
213,96,Hailstorm,2017-02-17 14:18:40,2017-02-17 14:18:40
214,96,Extreme Heat,2017-02-17 14:23:51,2017-02-17 14:23:51
215,96,Extreme Cold,2017-02-17 14:28:16,2017-02-17 14:28:16
216,96,Landslide,2017-02-17 14:31:59,2017-02-17 14:33:10
217,96,Winter Storm,2017-02-17 14:37:53,2017-02-17 14:37:53
218,96,Volcano,2017-02-17 15:23:20,2017-02-17 15:23:20
219,96,Tsunami,2017-02-17 15:26:09,2017-03-08 21:43:18
220,96,Chemical Hazard,2017-02-17 15:28:58,2017-02-17 15:28:58
221,96,Nuclear,2017-02-17 15:31:59,2017-02-17 15:31:59
222,96,Radiological Hazard,2017-02-17 15:34:53,2017-02-17 15:34:53
223,96,Biological Hazard,2017-02-17 15:37:52,2017-02-17 15:37:52
224,96,Pandemic,2017-02-17 15:42:07,2017-02-17 15:42:07
225,4,Drought,2017-02-17 16:26:25,2017-02-17 16:26:25
226,4,Earthquake,2017-02-17 16:29:48,2017-04-27 13:45:19
227,4,Flood,2017-02-17 16:32:29,2017-03-08 18:50:42
228,4,Hurricane,2017-02-17 16:35:21,2017-03-08 18:58:57
229,4,Typhoon,2017-02-17 16:38:59,2017-02-17 16:38:59
230,4,Tropical Cyclone,2017-02-17 17:26:19,2017-02-17 17:26:19
231,4,Wildfire,2017-02-17 17:30:06,2017-03-08 18:45:15
232,4,Hailstorm,2017-02-17 17:32:05,2017-02-17 17:32:05
233,4,Extreme Heat,2017-02-17 17:35:29,2017-02-24 02:37:09
234,4,Extreme Cold,2017-02-17 17:38:40,2017-02-17 17:38:40
235,4,Winter Storm,2017-02-17 17:42:17,2017-03-08 18:55:39
236,4,Landslide,2017-02-17 17:45:06,2017-02-17 17:45:06
237,4,Volcano,2017-02-17 17:48:36,2017-03-08 18:57:26
238,4,Tsunami,2017-02-17 17:51:39,2017-03-08 18:47:40
239,4,Chemical Hazard,2017-02-17 17:54:52,2017-03-08 19:39:43
240,4,Nuclear,2017-02-17 17:57:43,2017-02-17 17:57:43
241,4,Radiological Hazard,2017-02-17 18:00:42,2017-02-17 18:00:42
242,4,Biological Hazard,2017-02-17 18:03:27,2017-02-17 18:03:27
243,4,Pandemic,2017-02-17 18:06:43,2017-02-24 03:13:01
245,42,Drought,2017-02-17 19:20:48,2017-03-01 13:54:32
246,21,Drought,2017-02-18 15:43:02,2017-02-18 15:43:02
247,21,Earthquake,2017-02-18 15:48:02,2017-02-18 15:48:02
248,21,Flood,2017-02-18 15:57:19,2017-02-18 15:57:19
249,21,Hurricane,2017-02-18 16:00:25,2017-02-18 16:00:25
250,21,Typhoon,2017-02-18 16:48:28,2017-02-18 16:48:28
251,21,Tropical Cyclone,2017-02-18 16:53:34,2017-02-18 16:53:34
252,21,Wildfire,2017-02-18 16:57:46,2017-02-18 16:57:46
253,21,Hailstorm,2017-02-18 17:00:29,2017-02-18 17:00:29
254,21,Extreme Heat,2017-02-18 17:04:22,2017-02-18 17:04:22
255,21,Extreme Cold,2017-02-18 17:09:59,2017-02-18 17:09:59
256,21,Winter Storm,2017-02-18 17:14:51,2017-02-18 17:14:51
257,21,Landslide,2017-02-18 17:17:57,2017-02-18 17:17:57
258,21,Volcano,2017-02-18 17:22:48,2017-02-18 17:22:48
259,21,Tsunami,2017-02-18 17:26:09,2017-02-18 17:26:09
260,21,Chemical Hazard,2017-02-18 17:35:23,2017-02-18 17:35:23
261,21,Nuclear,2017-02-18 17:39:00,2017-02-18 17:39:00
262,21,Radiological Hazard,2017-02-18 17:43:25,2017-02-18 17:43:25
263,21,Biological Hazard,2017-02-18 17:46:38,2017-03-01 13:26:57
264,21,Pandemic,2017-02-18 17:50:32,2017-02-18 17:50:32
265,11,Drought,2017-02-18 18:08:42,2017-02-18 18:08:42
266,11,Earthquake,2017-02-18 18:17:31,2017-02-18 18:17:31
267,11,Flood,2017-02-18 18:25:36,2017-02-18 18:25:36
268,11,Hurricane,2017-02-18 18:32:46,2017-02-18 18:32:46
269,11,Typhoon,2017-02-18 18:40:53,2017-02-18 18:40:53
270,11,Tropical Cyclone,2017-02-18 19:22:52,2017-02-18 19:22:52
271,11,Wildfire,2017-02-18 19:28:23,2017-02-18 19:28:23
272,11,Hailstorm,2017-02-18 19:32:36,2017-02-18 19:32:36
273,11,Extreme Heat,2017-02-18 19:38:51,2017-02-18 19:38:51
274,11,Extreme Cold,2017-02-18 19:44:55,2017-02-18 19:44:55
275,11,Winter Storm,2017-02-18 19:51:55,2017-02-18 19:51:55
276,11,Landslide,2017-02-18 19:58:12,2017-02-18 19:58:12
277,11,Volcano,2017-02-18 23:47:52,2017-02-18 23:47:52
278,11,Tsunami,2017-02-19 00:32:53,2017-02-19 00:32:53
279,11,Chemical Hazard,2017-02-19 00:39:23,2017-02-19 00:39:23
280,11,Nuclear,2017-02-19 00:45:00,2017-02-19 00:45:00
281,11,Radiological Hazard,2017-02-19 00:49:46,2017-02-19 00:49:46
282,11,Biological Hazard,2017-02-19 00:58:45,2017-02-19 00:58:45
283,11,Pandemic,2017-02-19 01:06:06,2017-02-19 01:06:06
284,49,Drought,2017-02-19 01:14:54,2017-02-19 01:14:54
285,49,Earthquake,2017-02-19 01:24:38,2017-02-19 01:24:38
286,49,Flood,2017-02-19 01:29:50,2017-02-19 01:29:50
287,49,Hurricane,2017-02-19 01:35:48,2017-02-19 01:35:48
288,49,Typhoon,2017-02-19 01:41:34,2017-02-19 01:41:34
289,49,Tropical Cyclone,2017-02-19 01:48:55,2017-02-19 01:48:55
290,49,Wildfire,2017-02-19 01:59:31,2017-02-19 01:59:31
291,49,Hailstorm,2017-02-19 02:04:27,2017-02-19 02:04:27
292,49,Extreme Heat,2017-02-19 02:10:33,2017-02-19 02:10:33
293,49,Extreme Cold,2017-02-19 02:16:31,2017-02-19 02:16:31
294,49,Winter Storm,2017-02-19 02:22:41,2017-02-19 02:22:41
295,49,Landslide,2017-02-19 02:28:12,2017-02-19 02:28:12
296,49,Volcano,2017-02-19 02:33:08,2017-02-19 02:33:08
297,49,Tsunami,2017-02-19 02:39:11,2017-02-19 02:39:11
298,49,Chemical Hazard,2017-02-19 02:44:53,2017-02-19 02:44:53
299,49,Nuclear,2017-02-19 02:50:30,2017-02-19 02:50:30
300,49,Radiological Hazard,2017-02-19 02:55:53,2017-02-19 02:55:53
301,49,Biological Hazard,2017-02-19 03:01:30,2017-02-19 03:01:30
302,49,Pandemic,2017-02-19 03:07:41,2017-02-19 03:07:41
303,54,Drought,2017-02-20 00:16:11,2017-02-20 00:16:11
304,54,Earthquake,2017-02-20 00:22:45,2017-02-20 00:22:45
305,54,Flood,2017-02-20 00:27:54,2017-02-20 00:27:54
306,54,Hurricane,2017-02-20 00:33:26,2017-02-20 00:33:26
307,54,Typhoon,2017-02-20 00:38:47,2017-02-20 00:38:47
308,54,Tropical Cyclone,2017-02-20 00:44:07,2017-02-20 00:44:07
309,54,Wildfire,2017-02-20 00:49:23,2017-02-20 00:49:23
310,54,Hailstorm,2017-02-20 00:52:54,2017-02-20 00:52:54
311,54,Extreme Heat,2017-02-20 00:58:33,2017-02-20 00:58:33
312,54,Extreme Cold,2017-02-20 01:05:52,2017-02-20 01:05:52
313,54,Winter Storm,2017-02-20 01:11:44,2017-02-20 01:11:44
314,54,Landslide,2017-02-20 01:27:10,2017-02-20 01:27:10
315,54,Volcano,2017-02-20 01:31:36,2017-02-20 01:31:36
316,54,Tsunami,2017-02-20 01:36:59,2017-02-20 01:36:59
317,54,Chemical Hazard,2017-02-20 01:42:13,2017-02-20 01:42:13
318,54,Nuclear,2017-02-20 01:47:22,2017-02-20 01:47:22
320,54,Radiological Hazard,2017-02-20 01:54:46,2017-02-20 01:54:46
321,54,Biological Hazard,2017-02-20 02:02:22,2017-02-20 02:02:22
322,54,Pandemic,2017-02-20 02:08:03,2017-02-20 02:08:03
323,77,Drought,2017-02-20 22:26:16,2017-02-20 22:26:16
324,77,Earthquake,2017-02-20 22:33:31,2017-02-20 22:33:31
325,77,Flood,2017-02-20 22:38:36,2017-02-20 22:38:36
326,77,Hurricane,2017-02-20 22:44:35,2017-02-20 22:44:35
327,77,Typhoon,2017-02-20 22:50:17,2017-02-20 22:50:17
328,77,Tropical Cyclone,2017-02-20 22:55:24,2017-02-20 22:55:24
329,77,Wildfire,2017-02-20 23:50:41,2017-02-20 23:50:41
330,77,Hailstorm,2017-02-21 00:00:38,2017-02-21 00:00:38
331,77,Extreme Heat,2017-02-21 00:09:47,2017-02-21 00:09:47
332,77,Extreme Cold,2017-02-21 00:17:56,2017-02-21 00:17:56
333,77,Winter Storm,2017-02-21 00:25:33,2017-02-21 00:25:33
334,77,Landslide,2017-02-21 00:34:51,2017-02-21 00:34:51
335,77,Volcano,2017-02-21 00:39:40,2017-02-21 00:39:40
336,77,Tsunami,2017-02-21 00:45:32,2017-02-21 00:45:32
337,77,Chemical Hazard,2017-02-21 00:53:58,2017-02-21 00:53:58
338,77,Nuclear,2017-02-21 01:02:17,2017-02-21 01:02:17
339,77,Radiological Hazard,2017-02-21 01:13:21,2017-02-21 01:13:21
340,77,Biological Hazard,2017-02-21 01:23:29,2017-02-21 01:23:29
341,77,Pandemic,2017-02-21 01:31:29,2017-02-21 01:31:29
342,154,Drought,2017-02-21 01:39:47,2017-02-21 01:39:47
343,154,Earthquake,2017-02-21 01:47:48,2017-02-21 01:47:48
344,154,Flood,2017-02-21 02:03:38,2017-02-21 02:03:38
345,154,Hurricane,2017-02-21 02:11:33,2017-02-21 02:11:33
346,154,Typhoon,2017-02-21 02:21:04,2017-02-21 02:21:04
347,154,Tropical Cyclone,2017-02-21 02:30:39,2017-02-21 02:30:39
348,154,Wildfire,2017-02-21 02:36:33,2017-02-21 02:36:33
349,154,Hailstorm,2017-02-21 02:42:45,2017-02-21 02:42:45
350,154,Extreme Heat,2017-02-21 02:49:28,2017-02-21 02:49:28
351,154,Extreme Cold,2017-02-21 03:00:01,2017-02-21 03:00:01
352,154,Winter Storm,2017-02-21 03:07:35,2017-02-21 03:07:35
353,154,Landslide,2017-02-21 03:12:58,2017-02-21 03:12:58
354,154,Tsunami,2017-02-21 03:18:20,2017-02-21 03:18:20
355,154,Volcano,2017-02-21 04:00:30,2017-02-21 04:00:30
356,154,Chemical Hazard,2017-02-21 04:05:07,2017-02-21 04:05:07
357,154,Nuclear,2017-02-21 04:09:44,2017-02-21 04:09:44
358,154,Radiological Hazard,2017-02-21 04:14:27,2017-02-21 04:14:27
359,154,Biological Hazard,2017-02-21 04:18:52,2017-02-21 04:18:52
360,154,Pandemic,2017-02-21 04:24:01,2017-02-21 04:24:01
361,42,Earthquake,2017-02-21 19:56:54,2017-02-21 19:56:54
362,42,Flood,2017-02-21 20:23:09,2017-02-21 20:23:09
363,42,Hurricane,2017-02-21 20:32:18,2017-02-21 20:32:18
364,42,Typhoon,2017-02-21 20:53:57,2017-02-21 20:53:57
365,42,Tropical Cyclone,2017-02-21 21:06:28,2017-02-21 21:06:28
366,7,Drought,2017-02-22 01:30:19,2017-02-22 01:30:19
367,7,Earthquake,2017-02-22 01:33:11,2017-02-22 01:33:11
368,7,Flood,2017-02-22 01:36:20,2017-02-22 01:36:20
369,7,Hurricane,2017-02-22 01:40:16,2017-02-22 01:40:16
370,7,Typhoon,2017-02-22 01:44:07,2017-02-22 01:44:07
371,7,Tropical Cyclone,2017-02-22 01:46:27,2017-02-22 01:46:27
372,7,Wildfire,2017-02-22 01:48:10,2017-02-22 01:48:10
373,7,Hailstorm,2017-02-22 01:49:31,2017-02-22 01:49:31
374,7,Extreme Heat,2017-02-22 01:51:36,2017-02-22 01:51:36
375,7,Extreme Cold,2017-02-22 01:53:48,2017-02-22 01:53:48
376,7,Winter Storm,2017-02-22 01:56:02,2017-02-22 01:56:02
377,7,Landslide,2017-02-22 01:58:14,2017-02-22 01:58:14
378,7,Volcano,2017-02-22 01:59:56,2017-02-22 01:59:56
379,7,Tsunami,2017-02-22 02:01:33,2017-02-22 02:01:33
380,7,Chemical Hazard,2017-02-22 02:03:41,2017-02-22 02:03:41
381,7,Nuclear,2017-02-22 02:05:23,2017-02-22 02:05:23
382,7,Radiological Hazard,2017-02-22 02:07:09,2017-02-22 02:07:09
383,7,Biological Hazard,2017-02-22 02:08:53,2017-02-22 02:08:53
384,7,Pandemic,2017-02-22 02:11:19,2017-02-22 02:11:19
385,157,Drought,2017-02-22 02:14:14,2017-02-22 02:14:14
386,157,Earthquake,2017-02-22 02:16:41,2017-02-22 02:16:41
387,157,Flood,2017-02-22 02:18:18,2017-02-22 02:18:18
388,157,Hurricane,2017-02-22 02:20:28,2017-02-22 02:20:28
389,157,Typhoon,2017-02-22 02:24:00,2017-02-22 02:24:00
390,157,Tropical Cyclone,2017-02-22 02:26:24,2017-02-22 02:26:24
391,157,Wildfire,2017-02-22 02:28:31,2017-02-22 02:28:31
392,157,Hailstorm,2017-02-22 02:30:03,2017-02-22 02:30:03
393,157,Extreme Heat,2017-02-22 02:32:27,2017-02-24 02:38:23
394,157,Extreme Cold,2017-02-22 02:34:23,2017-02-22 02:34:23
395,157,Winter Storm,2017-02-22 02:36:50,2017-02-22 02:36:50
396,157,Landslide,2017-02-22 02:38:48,2017-02-22 02:38:48
397,157,Volcano,2017-02-22 02:40:28,2017-02-24 03:17:20
398,157,Tsunami Advisory,2017-02-22 02:42:04,2017-02-22 02:42:04
399,157,Chemical Hazard,2017-02-22 02:45:29,2017-02-22 02:45:29
400,157,Nuclear,2017-02-22 02:47:51,2017-02-22 02:47:51
401,157,Radiological Hazard,2017-02-22 02:49:35,2017-02-22 02:49:35
402,157,Biological Hazard,2017-02-22 02:51:22,2017-02-22 02:51:22
403,157,Pandemic,2017-02-22 02:53:15,2017-02-24 03:16:19
404,158,Drought,2017-02-22 03:04:53,2017-02-22 03:04:53
405,158,Earthquake,2017-02-22 03:09:44,2017-02-22 03:09:44
406,158,Flood,2017-02-22 03:12:03,2017-02-22 03:12:03
407,158,Hurricane,2017-02-22 03:13:53,2017-02-22 03:13:53
408,158,Typhoon,2017-02-22 03:15:54,2017-02-22 03:15:54
409,158,Tropical Cyclone,2017-02-22 03:18:20,2017-02-22 03:18:20
410,158,Wildfire,2017-02-22 03:21:01,2017-02-22 03:21:01
411,158,Hailstorm,2017-02-22 03:22:17,2017-02-22 03:22:33
412,158,Extreme Heat,2017-02-22 03:25:18,2017-02-22 03:25:18
413,158,Extreme Cold,2017-02-22 03:27:55,2017-02-22 03:27:55
414,158,Winter Storm,2017-02-22 03:30:07,2017-02-22 03:30:07
415,158,Landslide,2017-02-22 03:31:51,2017-02-22 03:31:51
416,158,Volcano,2017-02-22 03:34:59,2017-02-22 03:34:59
417,158,Tsunami,2017-02-22 03:37:01,2017-02-22 03:37:01
418,158,Chemical Hazard,2017-02-22 03:39:38,2017-02-22 03:39:38
419,158,Nuclear,2017-02-22 03:41:46,2017-02-22 03:41:46
420,158,Radiological Hazard,2017-02-22 03:42:04,2017-02-22 03:42:04
421,158,Biological Hazard,2017-02-22 03:46:02,2017-02-22 03:46:02
422,158,Pandemic,2017-02-22 03:48:34,2017-02-22 03:48:34
423,17,Drought,2017-02-22 14:34:49,2017-02-22 14:34:49
424,17,Earthquake,2017-02-22 14:37:09,2017-02-22 14:37:09
425,17,Flood,2017-02-22 14:40:35,2017-02-22 14:40:35
426,17,Hurricane,2017-02-22 14:42:22,2017-02-22 14:42:22
427,17,Typhoon,2017-02-22 14:44:32,2017-02-22 14:44:32
428,17,Tropical Cyclone,2017-02-22 14:47:30,2017-02-22 14:47:30
429,17,Wildfire,2017-02-22 14:50:34,2017-02-22 14:50:34
430,17,Hailstorm,2017-02-22 14:52:12,2017-02-22 14:52:12
431,17,Extreme Heat,2017-02-22 14:56:38,2017-02-22 14:56:38
432,17,Extreme Cold,2017-02-22 14:58:35,2017-02-22 14:58:35
433,17,Winter Storm,2017-02-22 15:00:16,2017-02-22 15:00:16
434,17,Landslide,2017-02-22 15:01:47,2017-02-22 15:01:47
435,17,Volcano,2017-02-22 15:03:25,2017-02-22 15:03:25
436,17,Tsunami,2017-02-22 15:04:45,2017-02-22 15:04:45
437,17,Chemical Hazard,2017-02-22 15:06:10,2017-02-22 15:06:10
438,17,Nuclear,2017-02-22 15:07:52,2017-02-22 15:07:52
439,17,Radiological Hazard,2017-02-22 15:09:17,2017-02-22 15:09:47
440,17,Biological Hazard,2017-02-22 15:11:18,2017-02-22 15:11:18
441,17,Pandemic,2017-02-22 15:13:18,2017-02-22 15:13:18
442,27,Drought,2017-02-22 15:14:36,2017-02-22 15:14:36
443,27,Earthquake,2017-02-22 15:16:36,2017-02-22 15:16:36
444,27,Flood,2017-02-22 15:18:07,2017-02-22 15:18:07
445,27,Hurricane,2017-02-22 15:19:45,2017-02-22 15:19:45
446,27,Typhoon,2017-02-22 15:21:27,2017-02-22 15:21:27
447,27,Tropical Cyclone,2017-02-22 15:23:12,2017-02-22 15:23:12
448,27,Wildfire,2017-02-22 15:24:49,2017-02-22 15:24:49
449,27,Hailstorm,2017-02-22 15:26:02,2017-02-22 15:26:02
450,27,Extreme Heat,2017-02-22 15:27:46,2017-02-22 15:27:46
451,27,Extreme Cold,2017-02-22 15:37:22,2017-02-22 15:37:22
452,27,Winter Storm,2017-02-22 15:39:01,2017-02-22 15:39:01
453,27,Landslide,2017-02-22 15:40:36,2017-02-22 15:40:36
454,27,Volcano,2017-02-22 15:42:26,2017-02-22 15:42:26
455,27,Tsunami,2017-02-22 15:43:55,2017-02-22 15:43:55
456,27,Chemical Hazard,2017-02-22 15:45:47,2017-02-22 15:45:47
457,27,Nuclear,2017-02-22 15:47:12,2017-02-22 15:47:12
458,27,Radiological Hazard,2017-02-22 15:48:41,2017-02-22 15:48:41
459,27,Biological Hazard,2017-02-22 15:50:06,2017-02-22 15:50:06
460,27,Pandemic,2017-02-22 15:51:47,2017-02-22 15:51:47
461,42,Wildfire,2017-02-22 18:17:18,2017-02-22 18:17:18
462,42,Hailstorm,2017-02-22 18:22:38,2017-02-22 18:22:38
463,42,Extreme Heat,2017-02-22 18:31:33,2017-02-22 18:31:33
465,42,Winter Storm,2017-02-22 19:41:27,2017-02-22 19:41:27
466,42,Extreme Cold,2017-02-22 20:24:48,2017-02-22 20:24:48
467,42,Landslide,2017-02-22 20:42:18,2017-02-22 20:42:18
468,42,Tsunami,2017-02-22 21:05:48,2017-02-22 21:05:48
469,42,Volcano,2017-02-22 21:34:07,2017-02-22 21:34:07
470,39,Drought,2017-02-23 03:45:06,2017-02-23 03:45:06
471,39,Earthquake,2017-02-23 03:47:51,2017-02-23 03:47:51
472,39,Flood,2017-02-23 03:49:26,2017-02-23 03:49:26
473,39,Hurricane,2017-02-23 03:51:29,2017-02-23 03:51:29
474,39,Typhoon,2017-02-23 03:53:27,2017-02-23 03:53:27
475,39,Tropical Cyclone,2017-02-23 03:55:19,2017-02-23 03:55:19
476,39,Wildfire,2017-02-23 03:57:01,2017-02-23 03:57:01
477,39,Hailstorm,2017-02-23 03:58:21,2017-02-23 03:58:21
478,39,Extreme Heat,2017-02-23 04:00:16,2017-02-23 04:00:16
479,39,Extreme Cold,2017-02-23 04:02:17,2017-02-23 04:02:17
480,39,Winter Storm,2017-02-23 04:04:21,2017-02-23 04:04:21
481,39,Landslide,2017-02-23 04:05:59,2017-02-23 04:05:59
482,39,Volcano,2017-02-23 04:07:36,2017-02-23 04:07:36
483,39,Tsunami,2017-02-23 04:09:12,2017-02-23 04:09:12
484,39,Chemical Hazard,2017-02-23 04:10:59,2017-02-23 04:10:59
485,39,Nuclear,2017-02-23 04:12:58,2017-02-23 04:12:58
486,39,Radiological Hazard,2017-02-23 04:14:37,2017-02-23 04:14:37
487,39,Biological Hazard,2017-02-23 04:16:26,2017-02-23 04:16:26
488,39,Pandemic,2017-02-23 04:18:22,2017-02-23 04:18:22
489,45,Drought,2017-02-23 04:19:55,2017-02-23 04:19:55
490,45,Earthquake,2017-02-23 04:22:06,2017-02-23 04:22:06
491,45,Flood,2017-02-23 04:23:39,2017-02-23 04:23:39
492,45,Hurricane,2017-02-23 04:26:16,2017-02-23 04:26:16
493,45,Typhoon,2017-02-23 04:29:17,2017-02-23 04:29:17
494,45,Tropical Cyclone,2017-02-23 04:31:06,2017-02-23 04:31:06
495,45,Wildfire,2017-02-23 15:30:48,2017-02-23 15:30:48
496,45,Hailstorm,2017-02-23 15:32:21,2017-02-23 15:32:21
497,45,Extreme Heat,2017-02-23 15:34:24,2017-02-23 15:34:24
498,45,Extreme Cold,2017-02-23 15:36:13,2017-02-23 15:36:13
500,45,Winter Storm,2017-02-23 15:40:31,2017-02-23 15:40:31
501,45,Landslide,2017-02-23 15:42:00,2017-02-23 15:42:00
502,45,Volcano,2017-02-23 15:43:22,2017-02-23 15:43:22
503,45,Tsunami,2017-02-23 15:44:55,2017-02-23 15:44:55
504,45,Chemical Hazard,2017-02-23 15:46:30,2017-02-23 15:46:30
505,45,Nuclear,2017-02-23 15:47:57,2017-02-23 15:47:57
506,45,Radiological Hazard,2017-02-23 15:49:28,2017-02-23 15:49:28
507,45,Biological Hazard,2017-02-23 15:50:50,2017-02-23 15:50:50
508,45,Pandemic,2017-02-23 15:52:33,2017-02-23 15:52:33
510,142,Earthquake,2017-02-23 16:39:18,2017-02-23 16:39:18
511,142,Flood,2017-02-23 17:20:52,2017-02-23 17:20:52
512,142,Hurricane,2017-02-23 18:27:18,2017-02-23 18:27:18
513,142,Typhoon,2017-02-23 18:53:15,2017-02-23 18:53:15
514,161,Drought,2017-02-24 02:10:57,2017-02-24 02:10:57
515,161,Earthquake,2017-02-24 02:14:24,2017-02-24 02:14:24
516,161,Flood,2017-02-24 02:18:47,2017-02-24 02:18:47
517,161,Hurricane,2017-02-24 02:24:22,2017-02-24 02:24:22
518,161,Typhoon,2017-02-24 02:27:50,2017-02-24 02:27:50
519,161,Tropical Cyclone,2017-02-24 02:29:52,2017-02-24 02:29:52
520,161,Wildfire,2017-02-24 02:31:53,2017-02-24 02:31:53
521,161,Hailstorm,2017-02-24 02:33:35,2017-02-24 02:33:35
522,161,Extreme Heat,2017-02-24 02:36:51,2017-02-24 02:36:51
523,161,Extreme Cold,2017-02-24 02:46:27,2017-02-24 02:46:27
524,161,Winter Storm,2017-02-24 02:48:35,2017-02-24 02:48:35
525,161,Landslide,2017-02-24 02:50:33,2017-02-24 02:50:33
526,161,Volcano,2017-02-24 02:52:58,2017-02-24 02:52:58
527,161,Tsunami,2017-02-24 02:57:06,2017-02-24 02:57:06
528,161,Chemical Hazard,2017-02-24 02:59:34,2017-02-24 02:59:34
529,161,Nuclear,2017-02-24 03:04:51,2017-02-24 03:04:51
530,161,Radiological Hazard,2017-02-24 03:07:13,2017-02-24 03:07:13
531,161,Biological Hazard,2017-02-24 03:08:48,2017-02-24 03:08:48
532,161,Pandemic,2017-02-24 03:11:24,2017-02-24 03:11:24
533,50,Drought,2017-02-24 03:28:01,2017-02-24 03:28:01
534,50,Earthquake,2017-02-24 03:30:45,2017-02-24 03:30:45
535,50,Flood,2017-02-24 03:33:34,2017-02-24 03:33:34
536,50,Hurricane,2017-02-24 03:36:16,2017-02-24 03:36:16
537,50,Typhoon,2017-02-24 03:38:22,2017-02-24 03:38:22
538,50,Tropical Cyclone,2017-02-24 03:40:17,2017-02-24 03:40:17
539,50,Wildfire,2017-02-24 03:42:56,2017-02-24 03:42:56
540,50,Hailstorm,2017-02-24 03:44:47,2017-02-24 03:44:47
541,50,Extreme Heat,2017-02-24 03:47:25,2017-02-24 03:47:25
542,50,Extreme Cold,2017-02-24 03:49:52,2017-02-24 03:49:52
543,30,Drought,2017-02-24 14:01:09,2017-02-24 14:01:09
544,30,Earthquake,2017-02-24 14:10:39,2017-02-24 14:10:39
545,30,Flood,2017-02-24 14:11:52,2017-02-24 14:11:52
546,30,Hurricane,2017-02-24 14:48:40,2017-02-24 14:48:40
547,30,Typhoon,2017-02-24 14:56:41,2017-02-24 14:56:41
548,30,Tropical Cyclone,2017-02-24 15:01:34,2017-02-24 15:01:34
549,30,Wildfire,2017-02-24 15:10:24,2017-02-24 15:10:24
550,30,Hailstorm,2017-02-24 15:15:06,2017-02-24 15:15:06
551,30,Extreme Heat,2017-02-24 15:24:48,2017-02-24 15:24:48
552,30,Extreme Cold,2017-02-24 15:30:09,2017-02-24 15:30:09
553,30,Winter Storm,2017-02-24 15:41:40,2017-02-24 15:41:40
554,30,Landslide,2017-02-24 15:51:08,2017-02-24 15:51:08
555,30,Volcano,2017-02-24 15:57:05,2017-02-24 15:57:05
556,30,Tsunami,2017-02-24 16:08:57,2017-02-24 16:08:57
557,30,Chemical Hazard,2017-02-24 16:15:31,2017-02-24 16:15:31
558,30,Nuclear,2017-02-24 16:18:48,2017-02-24 16:18:48
559,30,Radiological Hazard,2017-02-24 16:22:45,2017-02-24 16:22:45
560,30,Biological Hazard,2017-02-24 16:33:11,2017-02-24 16:33:11
561,30,Pandemic,2017-02-24 16:38:45,2017-02-24 16:38:45
562,151,Earthquake,2017-02-24 18:08:33,2017-02-24 18:08:33
563,151,Flood,2017-02-24 18:14:51,2017-02-24 18:14:51
564,151,Hurricane,2017-02-24 18:18:57,2017-02-24 18:18:57
565,151,Typhoon,2017-02-24 18:22:07,2017-02-24 18:22:07
566,151,Tropical Cyclone,2017-02-24 18:25:11,2017-02-24 18:25:11
567,151,Wildfire,2017-02-24 18:36:38,2017-02-24 18:36:38
568,151,Hailstorm,2017-02-24 18:41:06,2017-02-24 18:41:06
569,151,Extreme Heat,2017-02-24 18:45:15,2017-02-24 18:45:15
570,151,Extreme Cold,2017-02-24 18:49:33,2017-02-24 18:49:33
571,151,Winter Storm,2017-02-24 18:55:51,2017-02-24 18:55:51
572,151,Landslide,2017-02-24 18:58:40,2017-02-24 18:58:40
573,151,Volcano,2017-02-24 19:01:57,2017-02-24 19:01:57
574,151,Tsunami,2017-02-24 19:04:50,2017-02-24 19:04:50
575,151,Chemical Hazard,2017-02-24 19:07:37,2017-02-24 19:07:37
576,151,Nuclear,2017-02-24 19:10:28,2017-02-24 19:10:28
577,151,Radiological Hazard,2017-02-24 19:13:17,2017-02-24 19:13:17
578,151,Biological Hazard,2017-02-24 19:17:08,2017-02-24 19:17:08
579,151,Pandemic,2017-02-24 19:20:24,2017-02-24 19:20:24
580,8,Drought,2017-02-27 18:58:12,2017-02-27 18:58:12
581,8,Earthquake,2017-02-27 19:06:31,2017-02-27 19:06:31
583,8,Flood,2017-02-27 19:22:10,2017-02-27 19:22:10
584,8,Hurricane,2017-02-27 19:29:57,2017-02-27 19:29:57
585,8,Typhoon,2017-02-27 19:37:19,2017-02-27 19:37:19
586,8,Tropical Cyclone,2017-02-27 20:18:36,2017-02-27 20:18:36
587,8,Wildfire,2017-02-27 20:24:58,2017-02-27 20:24:58
588,8,Hailstorm,2017-02-27 20:28:31,2017-02-27 20:28:31
589,8,Extreme Heat,2017-02-27 20:33:30,2017-02-27 20:33:30
590,8,Extreme Cold,2017-02-27 20:50:54,2017-02-27 20:50:54
591,8,Winter Storm,2017-02-27 20:57:57,2017-02-27 20:57:57
592,8,Landslide,2017-02-27 21:02:31,2017-02-27 21:03:45
593,8,Tsunami,2017-02-27 21:13:33,2017-02-27 21:13:33
594,8,Volcano,2017-02-27 21:17:40,2017-02-27 21:17:40
595,8,Chemical Hazard,2017-02-27 21:23:00,2017-02-27 21:23:00
596,8,Biological Hazard,2017-02-27 21:29:10,2017-02-27 21:29:10
597,8,Nuclear,2017-02-27 21:34:06,2017-02-27 21:34:06
598,8,Radiological Hazard,2017-02-27 21:39:28,2017-02-27 21:39:28
599,8,Pandemic,2017-02-27 21:44:59,2017-02-27 21:44:59
600,18,Drought,2017-02-27 21:51:24,2017-02-27 21:51:24
601,18,Earthquake,2017-02-27 22:03:34,2017-02-27 22:03:34
602,18,Flood,2017-02-27 22:07:52,2017-02-27 22:07:52
603,18,Hurricane,2017-02-27 22:22:01,2017-02-27 22:22:01
604,18,Typhoon,2017-02-28 02:40:28,2017-02-28 02:40:28
605,18,Tropical Cyclone,2017-02-28 02:51:51,2017-02-28 02:51:51
606,50,Winter Storm,2017-02-28 02:59:54,2017-02-28 02:59:54
607,50,Landslide,2017-02-28 03:01:42,2017-02-28 03:01:42
608,18,Wildfire,2017-02-28 03:01:49,2017-02-28 03:01:49
609,50,Volcano,2017-02-28 03:03:24,2017-02-28 03:03:24
610,50,Tsunami,2017-02-28 03:05:14,2017-02-28 03:05:14
611,18,Hailstorm,2017-02-28 03:07:00,2017-02-28 03:07:00
612,50,Chemical Hazard,2017-02-28 03:07:26,2017-02-28 03:07:26
613,50,Nuclear,2017-02-28 03:09:12,2017-02-28 03:09:12
614,50,Radiological Hazard,2017-02-28 03:11:04,2017-02-28 03:11:04
615,50,Biological Hazard,2017-02-28 03:12:58,2017-02-28 03:12:58
616,50,Pandemic,2017-02-28 03:15:00,2017-02-28 03:15:00
617,51,Drought,2017-02-28 03:16:39,2017-02-28 03:16:39
618,51,Earthquake,2017-02-28 03:18:41,2017-02-28 03:18:41
619,51,Flood,2017-02-28 03:21:01,2017-02-28 03:21:01
620,51,Hurricane,2017-02-28 03:23:20,2017-02-28 03:23:20
621,51,Typhoon,2017-02-28 03:25:22,2017-02-28 03:25:22
622,51,Tropical Cyclone,2017-02-28 03:28:20,2017-02-28 03:28:20
623,51,Wildfire,2017-02-28 03:30:04,2017-02-28 03:30:04
624,51,Hailstorm,2017-02-28 03:31:50,2017-02-28 03:31:50
625,51,Extreme Heat,2017-02-28 03:34:20,2017-02-28 03:34:20
626,18,Extreme Heat,2017-02-28 19:39:54,2017-02-28 19:39:54
627,18,Extreme Cold,2017-02-28 19:45:06,2017-02-28 19:45:06
628,18,Winter Storm,2017-02-28 19:50:38,2017-02-28 19:50:38
629,18,Landslide,2017-02-28 19:55:30,2017-02-28 19:55:30
630,18,Tsunami,2017-02-28 19:59:57,2017-02-28 19:59:57
631,18,Volcano,2017-02-28 20:04:13,2017-02-28 20:04:13
632,18,Chemical Hazard,2017-02-28 20:08:56,2017-02-28 20:08:56
633,18,Nuclear,2017-02-28 20:14:39,2017-02-28 20:14:39
634,18,Radiological Hazard,2017-02-28 20:19:07,2017-02-28 20:19:07
635,18,Biological Hazard,2017-02-28 20:23:30,2017-02-28 20:23:30
636,18,Pandemic,2017-02-28 20:42:34,2017-02-28 20:42:34
637,33,Earthquake,2017-02-28 20:52:08,2017-02-28 20:52:08
638,33,Flood,2017-02-28 20:57:10,2017-02-28 20:57:10
639,33,Hurricane,2017-02-28 21:03:24,2017-02-28 21:03:24
640,33,Typhoon,2017-02-28 21:10:44,2017-02-28 21:10:44
641,33,Tropical Cyclone,2017-02-28 21:15:23,2017-02-28 21:15:23
642,33,Wildfire,2017-02-28 21:22:42,2017-02-28 21:22:42
643,33,Hailstorm,2017-02-28 21:32:30,2017-02-28 21:32:30
644,33,Extreme Heat,2017-02-28 21:38:29,2017-02-28 21:38:29
645,33,Extreme Cold,2017-02-28 21:44:23,2017-02-28 21:44:23
646,33,Winter Storm,2017-02-28 21:50:50,2017-02-28 21:50:50
647,33,Landslide,2017-02-28 21:55:10,2017-02-28 21:55:10
648,33,Volcano,2017-02-28 21:59:42,2017-02-28 21:59:42
649,33,Tsunami,2017-02-28 22:04:32,2017-02-28 22:04:32
650,33,Chemical Hazard,2017-03-01 03:40:21,2017-03-01 03:40:21
651,22,Active Shooter,2017-03-01 13:20:42,2017-03-01 13:20:42
652,42,Chemical Hazard,2017-03-01 16:02:33,2017-03-01 16:36:05
656,42,Nuclear,2017-03-01 16:48:56,2017-03-01 16:48:56
657,42,Radiological Hazard,2017-03-01 17:15:09,2017-03-01 17:15:09
658,42,Biological Hazard,2017-03-01 18:13:37,2017-03-02 16:22:43
659,33,Biological Hazard,2017-03-01 18:17:31,2017-03-01 18:17:31
660,33,Radiological Hazard,2017-03-01 18:22:59,2017-03-01 18:22:59
661,42,Pandemic,2017-03-01 18:25:45,2017-03-01 18:25:45
662,33,Nuclear,2017-03-01 18:28:04,2017-03-01 18:28:04
663,33,Pandemic,2017-03-01 18:42:48,2017-03-01 18:42:48
664,4,Terror Alert,2017-03-01 19:17:33,2017-03-09 19:39:12
665,142,Drought,2017-03-01 19:37:30,2017-03-01 19:37:30
666,142,Tropical Cyclone,2017-03-01 19:47:28,2017-03-01 19:47:28
667,142,Wildfire,2017-03-01 19:58:20,2017-03-01 19:58:20
668,142,Hailstorm,2017-03-01 20:06:25,2017-03-01 20:06:25
669,142,Extreme Heat,2017-03-01 20:32:48,2017-03-01 20:32:48
670,142,Extreme Cold,2017-03-01 20:48:43,2017-03-01 20:48:43
671,142,Winter Storm,2017-03-01 21:29:03,2017-03-01 21:29:03
672,142,Landslide,2017-03-01 22:10:13,2017-03-01 22:10:13
673,142,Tsunami,2017-03-01 22:23:18,2017-03-01 22:23:18
674,51,Extreme Cold,2017-03-02 02:17:08,2017-03-02 02:17:08
675,51,Winter Storm,2017-03-02 02:21:35,2017-03-02 02:21:35
676,51,Landslide,2017-03-02 02:23:28,2017-03-02 02:23:28
677,51,Volcano,2017-03-02 02:26:02,2017-03-02 02:26:02
678,51,Tsunami,2017-03-02 02:27:32,2017-03-02 02:27:32
679,51,Chemical Hazard,2017-03-02 02:40:03,2017-03-02 02:40:03
680,51,Nuclear,2017-03-02 02:54:27,2017-03-02 02:54:27
681,51,Radiological Hazard,2017-03-02 03:03:21,2017-03-02 03:03:21
682,51,Biological Hazard,2017-03-02 03:05:33,2017-03-02 16:51:56
683,51,Pandemic,2017-03-02 03:07:44,2017-03-02 03:07:44
684,162,Drought,2017-03-02 03:12:10,2017-03-02 03:12:10
685,162,Earthquake,2017-03-02 03:14:05,2017-03-02 03:14:05
686,162,Flood,2017-03-02 03:15:55,2017-03-02 03:15:55
687,162,Hurricane,2017-03-02 03:17:57,2017-03-02 03:17:57
688,162,Typhoon,2017-03-02 03:21:39,2017-03-02 03:21:39
689,162,Tropical Cyclone,2017-03-02 03:23:40,2017-03-02 03:23:40
690,162,Wildfire,2017-03-02 03:25:36,2017-03-02 03:25:36
691,162,Hailstorm,2017-03-02 03:26:57,2017-03-02 03:26:57
692,162,Extreme Heat,2017-03-02 03:29:50,2017-03-02 03:29:50
693,162,Extreme Cold,2017-03-02 03:32:23,2017-03-02 03:32:23
694,162,Winter Storm,2017-03-02 03:34:26,2017-03-02 03:34:26
695,162,Landslide,2017-03-02 03:35:52,2017-03-02 03:35:52
696,162,Volcano,2017-03-02 03:37:18,2017-03-02 03:37:18
697,162,Tsunami,2017-03-02 03:39:06,2017-03-02 03:39:06
698,162,Chemical Hazard,2017-03-02 03:41:10,2017-03-02 03:41:10
699,162,Nuclear,2017-03-02 03:43:01,2017-03-02 03:43:01
700,162,Radiological Hazard,2017-03-02 03:44:25,2017-03-02 03:44:25
701,162,Biological Hazard,2017-03-02 03:45:51,2017-03-02 03:45:51
702,162,Pandemic,2017-03-02 03:47:34,2017-03-02 03:47:34
703,64,Drought,2017-03-02 03:51:09,2017-03-02 03:51:09
704,64,Earthquake,2017-03-02 03:53:13,2017-03-02 03:53:13
705,35,Drought,2017-03-02 04:33:56,2017-03-02 04:33:56
706,142,Pandemic,2017-03-02 14:30:38,2017-03-02 14:30:38
707,35,Earthquake,2017-03-02 17:15:34,2017-03-02 17:15:34
708,35,Flood,2017-03-02 17:20:06,2017-03-02 17:20:06
709,35,Hurricane,2017-03-02 17:25:18,2017-03-02 17:25:18
710,35,Typhoon,2017-03-02 17:30:19,2017-03-02 17:30:19
711,35,Tropical Cyclone,2017-03-02 17:34:52,2017-03-02 17:34:52
712,35,Wildfire,2017-03-02 17:38:57,2017-03-02 17:38:57
713,35,Hailstorm,2017-03-02 17:42:33,2017-03-02 17:42:33
714,35,Extreme Heat,2017-03-02 17:47:01,2017-03-02 17:47:01
715,35,Extreme Cold,2017-03-02 17:51:48,2017-03-02 17:51:48
716,35,Winter Storm,2017-03-02 17:56:37,2017-03-02 17:56:37
717,35,Landslide,2017-03-02 18:00:15,2017-03-02 18:00:15
718,35,Tsunami,2017-03-02 18:06:03,2017-03-02 18:06:03
719,35,Volcano,2017-03-02 18:10:24,2017-03-02 18:10:24
720,35,Chemical Hazard,2017-03-02 18:14:30,2017-03-02 18:14:30
721,35,Biological Hazard,2017-03-02 18:19:00,2017-03-02 18:19:00
722,35,Radiological Hazard,2017-03-02 18:23:15,2017-03-02 18:23:15
723,35,Nuclear,2017-03-02 18:27:32,2017-03-02 18:27:32
724,35,Pandemic,2017-03-02 18:32:26,2017-03-02 18:32:26
725,142,Volcano,2017-03-02 19:07:09,2017-03-02 19:07:09
726,142,Chemical Hazard,2017-03-02 19:53:19,2017-03-02 19:53:19
727,142,Nuclear,2017-03-02 20:11:15,2017-03-02 20:11:15
728,64,Flood,2017-03-02 20:33:53,2017-03-02 20:33:53
729,64,Hurricane,2017-03-02 20:36:00,2017-03-02 20:36:00
730,64,Typhoon,2017-03-02 20:38:04,2017-03-02 20:38:04
731,64,Tropical Cyclone,2017-03-02 20:58:31,2017-03-02 20:58:31
732,64,Wildfire,2017-03-02 21:01:41,2017-03-02 21:01:41
733,64,Hailstorm,2017-03-02 21:02:54,2017-03-02 21:02:54
734,64,Extreme Heat,2017-03-02 21:05:13,2017-03-02 21:05:13
735,64,Extreme Cold,2017-03-02 21:07:14,2017-03-02 21:07:14
736,64,Winter Storm,2017-03-02 21:08:50,2017-03-02 21:08:50
737,64,Landslide,2017-03-02 21:10:37,2017-03-02 21:10:37
738,64,Volcano,2017-03-02 21:12:18,2017-03-02 21:12:18
739,64,Tsunami,2017-03-02 21:14:09,2017-03-02 21:14:09
740,64,Chemical Hazard,2017-03-02 21:16:00,2017-03-02 21:16:00
741,64,Nuclear,2017-03-02 21:17:29,2017-03-02 21:17:29
742,64,Radiological Hazard,2017-03-02 21:19:07,2017-03-02 21:19:07
743,64,Biological Hazard,2017-03-02 21:21:00,2017-03-02 21:21:00
744,64,Pandemic,2017-03-02 21:22:35,2017-03-02 21:22:35
746,68,Drought,2017-03-02 21:24:09,2017-03-02 21:24:09
747,68,Earthquake,2017-03-02 21:25:59,2017-03-02 21:25:59
748,68,Flood,2017-03-02 21:27:27,2017-03-02 21:27:27
749,68,Hurricane,2017-03-02 21:28:54,2017-03-02 21:28:54
750,68,Typhoon,2017-03-02 21:30:23,2017-03-02 21:30:23
751,68,Tropical Cyclone,2017-03-02 21:31:51,2017-03-02 21:31:51
752,68,Wildfire,2017-03-02 21:33:13,2017-03-02 21:33:13
753,68,Hailstorm,2017-03-02 21:34:21,2017-03-02 21:34:21
754,68,Extreme Heat,2017-03-02 21:36:03,2017-03-02 21:36:03
755,68,Extreme Cold,2017-03-02 21:38:10,2017-03-02 21:38:10
756,68,Winter Storm,2017-03-02 21:43:24,2017-03-02 21:43:24
757,68,Landslide,2017-03-02 21:47:07,2017-03-02 21:47:07
758,68,Volcano,2017-03-02 21:49:37,2017-03-02 21:49:37
759,142,Radiological Hazard,2017-03-02 21:54:53,2017-03-02 21:54:53
760,68,Tsunami,2017-03-02 21:56:10,2017-03-02 21:56:10
761,68,Chemical Hazard,2017-03-02 21:58:43,2017-03-02 21:58:43
762,68,Nuclear,2017-03-02 22:02:15,2017-03-02 22:02:15
763,68,Radiological Hazard,2017-03-02 22:04:43,2017-03-02 22:04:43
764,68,Biological Hazard,2017-03-02 22:08:53,2017-03-02 22:08:53
765,68,Pandemic,2017-03-02 22:11:31,2017-03-02 22:11:31
766,75,Drought,2017-03-02 22:15:31,2017-03-02 22:15:31
767,75,Earthquake,2017-03-02 22:18:26,2017-03-02 22:18:26
768,75,Flood,2017-03-02 22:20:22,2017-03-02 22:20:22
769,75,Hurricane,2017-03-02 22:24:45,2017-03-02 22:24:45
770,75,Typhoon,2017-03-02 22:27:12,2017-03-02 22:27:12
771,75,Tropical Cyclone,2017-03-02 22:30:13,2017-03-02 22:30:13
772,75,Wildfire,2017-03-02 22:32:04,2017-03-02 22:32:04
773,75,Hailstorm,2017-03-02 22:36:32,2017-03-02 22:36:32
774,142,Biological Hazard,2017-03-02 22:37:21,2017-03-02 22:37:21
775,75,Extreme Heat,2017-03-02 22:41:33,2017-03-02 22:41:33
776,75,Extreme Cold,2017-03-02 22:45:39,2017-03-02 22:45:39
777,75,Winter Storm,2017-03-02 22:48:08,2017-03-02 22:48:08
778,75,Landslide,2017-03-02 22:49:42,2017-03-02 22:49:42
779,75,Volcano,2017-03-02 22:51:37,2017-03-02 22:51:37
780,75,Tsunami,2017-03-02 22:53:16,2017-03-02 22:53:16
781,75,Chemical Hazard,2017-03-02 23:03:09,2017-03-02 23:03:09
782,75,Nuclear,2017-03-02 23:04:38,2017-03-02 23:04:38
783,75,Radiological Hazard,2017-03-02 23:06:01,2017-03-02 23:06:01
784,75,Biological Hazard,2017-03-02 23:07:29,2017-03-02 23:07:29
785,75,Pandemic,2017-03-02 23:09:05,2017-03-02 23:09:05
786,89,Drought,2017-03-03 13:57:11,2017-03-03 13:57:11
787,89,Earthquake,2017-03-03 13:59:20,2017-03-03 13:59:20
788,89,Flood,2017-03-03 14:00:57,2017-03-03 14:00:57
789,89,Hurricane,2017-03-03 14:02:24,2017-03-03 14:02:24
790,89,Typhoon,2017-03-03 14:04:09,2017-03-03 14:04:09

